Peak,RetTime,Type,Height,Area,Width,Width2,AreaPerc
1,1.50374639034271,BB  ,572.715881347656,85.6422882080078,0.105518527328968,1.36383330821991,2.02550005912781
